size,product,colorway,event_base_price,asset,source_file
6 inch,Human Grade 6-Inch Ball Water Pipe — Upgraded Rounded Base,Clear,$50,assets/medusa/6-inch-ball/pixies-pantry-human-grade-6-inch-ball-water-pipe-clear.jpg,BHcfGhTwIXm2OJlTXBqSJXeYThGTqCYfOlK812mt.jpg.jpeg
6 inch,Human Grade 6-Inch Ball Water Pipe — Upgraded Rounded Base,Clear / Black,$50,assets/medusa/6-inch-ball/pixies-pantry-human-grade-6-inch-ball-water-pipe-clear-black.jpg,JEOQ72miv0SXABBX3v9xlaMF8SBBrCFMlW5vsx1R.jpg.jpeg
6 inch,Human Grade 6-Inch Ball Water Pipe — Upgraded Rounded Base,Clear / Blue,$50,assets/medusa/6-inch-ball/pixies-pantry-human-grade-6-inch-ball-water-pipe-clear-blue.jpg,Erx7xXqoFvp6iic9k1YuDGFQOXootj2Pipl6OLa3.jpg.jpeg
6 inch,Human Grade 6-Inch Ball Water Pipe — Upgraded Rounded Base,Clear / Green,$50,assets/medusa/6-inch-ball/pixies-pantry-human-grade-6-inch-ball-water-pipe-clear-green.jpg,DVDRJY0aNEHAENolSi9653xbOrPHKxvco02aDZ6s.jpg.jpeg
6 inch,Human Grade 6-Inch Ball Water Pipe — Upgraded Rounded Base,Clear / Lake Green,$50,assets/medusa/6-inch-ball/pixies-pantry-human-grade-6-inch-ball-water-pipe-clear-lake-green.jpg,0w7fsEY0oPpht6VKycTVssBIZEy78r9dq6XI1oIR.jpg.jpeg
6 inch,Human Grade 6-Inch Ball Water Pipe — Upgraded Rounded Base,Clear / Lavender,$50,assets/medusa/6-inch-ball/pixies-pantry-human-grade-6-inch-ball-water-pipe-clear-lavender.jpg,3htxOXWq3FT0iZUzJjcoGuLrFPTlSO0w4Z7d10NN.jpg.jpeg
6 inch,Human Grade 6-Inch Ball Water Pipe — Upgraded Rounded Base,Clear / Matrix Green,$50,assets/medusa/6-inch-ball/pixies-pantry-human-grade-6-inch-ball-water-pipe-clear-matrix-green.jpg,bcfForNRxTSesjTj1UJ4gfkoKDCtzUPJwD0StdGn.jpg.jpeg
6 inch,Human Grade 6-Inch Ball Water Pipe — Upgraded Rounded Base,Clear / Pink,$50,assets/medusa/6-inch-ball/pixies-pantry-human-grade-6-inch-ball-water-pipe-clear-pink.jpg,lk2JYSRQgWKWuCHVrOHv6RFtaYz0DEPC9gJOEl92.jpg.jpeg
6 inch,Human Grade 6-Inch Ball Water Pipe — Upgraded Rounded Base,Clear / Smoke,$50,assets/medusa/6-inch-ball/pixies-pantry-human-grade-6-inch-ball-water-pipe-clear-smoke.jpg,J53FiMApnsfF3ZRBQrVHMmL8L1aYfAl2bxcz6teu.jpg.jpeg
6 inch,Human Grade 6-Inch Ball Water Pipe — Upgraded Rounded Base,Lavender,$50,assets/medusa/6-inch-ball/pixies-pantry-human-grade-6-inch-ball-water-pipe-lavender.jpg,wYa53FDkAJnkVKOPHAUadVeoub81CsB72TVS0HO6.jpg.jpeg
6 inch,Human Grade 6-Inch Ball Water Pipe — Upgraded Rounded Base,Smoke,$50,assets/medusa/6-inch-ball/pixies-pantry-human-grade-6-inch-ball-water-pipe-smoke.jpg,J53FiMApnsfF3ZRBQrVHMmL8L1aYfAl2bxcz6teu.jpg.jpeg
6 inch,Human Grade 6-Inch Ball Water Pipe — Upgraded Rounded Base,Smoke / Matrix,$50,assets/medusa/6-inch-ball/pixies-pantry-human-grade-6-inch-ball-water-pipe-smoke-matrix.jpg,5vBzKOjFAhMYIVt6GoAbBMgiewbL1byRzqwvnHff.jpg.jpeg
6 inch,Human Grade 6-Inch Ball Water Pipe — Upgraded Rounded Base,Smoke / White,$50,assets/medusa/6-inch-ball/pixies-pantry-human-grade-6-inch-ball-water-pipe-smoke-white.jpg,bACnrdozenHIAhFFgexM0IV6BWm2IFNDTCzY5ysW.jpg.jpeg
6 inch,Human Grade 6-Inch Ball Water Pipe — Upgraded Rounded Base,Smoke / Yellow,$50,assets/medusa/6-inch-ball/pixies-pantry-human-grade-6-inch-ball-water-pipe-smoke-yellow.jpg,5tUxk2bKgKxLJ4c2jyksNIpInfvoNxUdb6Pylxic.jpg.jpeg
6 inch,Human Grade 6-Inch Ball Water Pipe — Upgraded Rounded Base,White / Black,$50,assets/medusa/6-inch-ball/pixies-pantry-human-grade-6-inch-ball-water-pipe-white-black.jpg,ACC5YNm6Uw7TCJ1YIB4tzLYpSCqrnvj5CsjWNz9b.jpg.jpeg
6 inch,Human Grade 6-Inch Ball Water Pipe — Upgraded Rounded Base,White / Pink,$50,assets/medusa/6-inch-ball/pixies-pantry-human-grade-6-inch-ball-water-pipe-white-pink.jpg,uEZlatOqhA2qze4THOg6H7dT9trcmu4sVQRMaTPT.jpg.jpeg
6 inch,Human Grade 6-Inch Ball Water Pipe — Upgraded Rounded Base,Yellow / Smoke,$50,assets/medusa/6-inch-ball/pixies-pantry-human-grade-6-inch-ball-water-pipe-yellow-smoke.jpg,snYrdOlzmViE35Ou2ROhCieaX8sfx5tNT4KRxWpx.jpg.jpeg
9 inch,Human Grade 9-Inch Ball Water Pipe — Upgraded Rounded Base,Clear,$60,assets/medusa/9-inch-ball/pixies-pantry-human-grade-9-inch-ball-water-pipe-clear.jpg,KiAhlPYb4xp7KzfNWIeZQnT7eCpPGXzWReF7OkCO.jpg.jpeg
9 inch,Human Grade 9-Inch Ball Water Pipe — Upgraded Rounded Base,Clear / Black,$60,assets/medusa/9-inch-ball/pixies-pantry-human-grade-9-inch-ball-water-pipe-clear-black.png,pvZIR1CNGF8vo2Vbl6Cq7q4S2zuyLCOzPJvrHrvW.png
9 inch,Human Grade 9-Inch Ball Water Pipe — Upgraded Rounded Base,Clear / Blue,$60,assets/medusa/9-inch-ball/pixies-pantry-human-grade-9-inch-ball-water-pipe-clear-blue.png,Hli7y8fgeFEoB8DBTvNhatfVRZhxn3vk0sarQ5MY.png
9 inch,Human Grade 9-Inch Ball Water Pipe — Upgraded Rounded Base,Clear / Lavender,$60,assets/medusa/9-inch-ball/pixies-pantry-human-grade-9-inch-ball-water-pipe-clear-lavender.png,wrdHWfsh2g2znH524syfEQO38EVHdIS8Wgggq2ET.png
9 inch,Human Grade 9-Inch Ball Water Pipe — Upgraded Rounded Base,Clear / Smoke,$60,assets/medusa/9-inch-ball/pixies-pantry-human-grade-9-inch-ball-water-pipe-clear-smoke.png,ZHIyyMT7QdcPpeofbmVESJGmtZuNdqC85HitGYho.png
9 inch,Human Grade 9-Inch Ball Water Pipe — Upgraded Rounded Base,Lavender,$60,assets/medusa/9-inch-ball/pixies-pantry-human-grade-9-inch-ball-water-pipe-lavender.jpg,ZvWDBqbYttp4OclO1mQV6Zs7KlKs5CJ6yfvGwRb2.jpg.jpeg
9 inch,Human Grade 9-Inch Ball Water Pipe — Upgraded Rounded Base,Smoke / Matrix,$60,assets/medusa/9-inch-ball/pixies-pantry-human-grade-9-inch-ball-water-pipe-smoke-matrix.png,T1y8mZbJhb8Mc5RtESSZ5asKwBkiaHan8SzAqxeW.png
9 inch,Human Grade 9-Inch Ball Water Pipe — Upgraded Rounded Base,Smoke / Yellow,$60,assets/medusa/9-inch-ball/pixies-pantry-human-grade-9-inch-ball-water-pipe-smoke-yellow.png,jDQTFWLMsnRxnnMyyPSDqcHimfHZ5iq5FaP3Luu9.png
9 inch,Human Grade 9-Inch Ball Water Pipe — Upgraded Rounded Base,White / Pink,$60,assets/medusa/9-inch-ball/pixies-pantry-human-grade-9-inch-ball-water-pipe-white-pink.png,gyKarOtWghIgbVsUNqV8TaXBQo6NgwHS6S5ZNKam.png
9 inch,Human Grade 9-Inch Ball Water Pipe — Upgraded Rounded Base,Clear / Green,$60,assets/medusa/9-inch-ball/pixies-pantry-human-grade-9-inch-ball-water-pipe-clear-green.png,EUJh8hHTHrHNGkdqrQgFhioUlgNtBzmaRzaAu4qk.png
9 inch,Human Grade 9-Inch Ball Water Pipe — Upgraded Rounded Base,Clear / Lake Green,$60,assets/medusa/9-inch-ball/pixies-pantry-human-grade-9-inch-ball-water-pipe-clear-lake-green.png,Ef3xSyjLHzfN322RPHrli3hUDJUovpMcyCUGIh4U.png
9 inch,Human Grade 9-Inch Ball Water Pipe — Upgraded Rounded Base,Clear / Pink,$60,assets/medusa/9-inch-ball/pixies-pantry-human-grade-9-inch-ball-water-pipe-clear-pink.png,rRBYfWUXI49wo0YTOFXXexzJrdpRXaptKdXHZwjC.png
9 inch,Human Grade 9-Inch Ball Water Pipe — Upgraded Rounded Base,Smoke / White,$60,assets/medusa/9-inch-ball/pixies-pantry-human-grade-9-inch-ball-water-pipe-smoke-white.png,QtiuBxIH3VQD6ebVQYlWARpZoY9vgOGoAVCdjZww.png
9 inch,Human Grade 9-Inch Ball Water Pipe — Upgraded Rounded Base,Yellow / Smoke,$60,assets/medusa/9-inch-ball/pixies-pantry-human-grade-9-inch-ball-water-pipe-yellow-smoke.png,anYsQxQfzD29K7KTvQE6JrYnxKM4kAzhbbbgCsmt.png
12 inch,Human Grade 12-Inch Ball Water Pipe — Upgraded Rounded Base,Clear,$70,assets/medusa/12-inch-ball/pixies-pantry-human-grade-12-inch-ball-water-pipe-clear.jpg,g9Gx97ZoY5Aotdfp4NihLKracpw6tV6fxH9PtOqt.jpg.jpeg
12 inch,Human Grade 12-Inch Ball Water Pipe — Upgraded Rounded Base,Clear / Lake Green,$70,assets/medusa/12-inch-ball/pixies-pantry-human-grade-12-inch-ball-water-pipe-clear-lake-green.png,1jA6aTET6sV2dQiwf5GqCOkorXdKwkn7EcqdgWrp.png
12 inch,Human Grade 12-Inch Ball Water Pipe — Upgraded Rounded Base,Clear / Lavender,$70,assets/medusa/12-inch-ball/pixies-pantry-human-grade-12-inch-ball-water-pipe-clear-lavender.png,DTu259PoLu6knkShAPFKL7gt1HfQfKpv5mqWd2R9.png
12 inch,Human Grade 12-Inch Ball Water Pipe — Upgraded Rounded Base,Clear / Black,$70,assets/medusa/12-inch-ball/pixies-pantry-human-grade-12-inch-ball-water-pipe-clear-black.png,Wt8s0C23OFPx3I9Csemu09gpg506AE7Pxvw7eoLP.png
12 inch,Human Grade 12-Inch Ball Water Pipe — Upgraded Rounded Base,Clear / Blue,$70,assets/medusa/12-inch-ball/pixies-pantry-human-grade-12-inch-ball-water-pipe-clear-blue.png,7lscHHjZYCSs3R9rw6QyIFXj2S2gCUMIm1wP23xA.png
12 inch,Human Grade 12-Inch Ball Water Pipe — Upgraded Rounded Base,Clear / Green,$70,assets/medusa/12-inch-ball/pixies-pantry-human-grade-12-inch-ball-water-pipe-clear-green.png,FrXto54hykFP4NGl9kPrWuBWfYC3lLVf3Phoro0J.png
12 inch,Human Grade 12-Inch Ball Water Pipe — Upgraded Rounded Base,Clear / Matrix Green,$70,assets/medusa/12-inch-ball/pixies-pantry-human-grade-12-inch-ball-water-pipe-clear-matrix-green.png,AWLnvzpmD1c4Ouwezpgq0TfOWyQ6ZCovItfpgRpW.png
12 inch,Human Grade 12-Inch Ball Water Pipe — Upgraded Rounded Base,Smoke / Matrix,$70,assets/medusa/12-inch-ball/pixies-pantry-human-grade-12-inch-ball-water-pipe-smoke-matrix.png,AWLnvzpmD1c4Ouwezpgq0TfOWyQ6ZCovItfpgRpW.png
12 inch,Human Grade 12-Inch Ball Water Pipe — Upgraded Rounded Base,Smoke / White,$70,assets/medusa/12-inch-ball/pixies-pantry-human-grade-12-inch-ball-water-pipe-smoke-white.png,scCWlmnERiZtvx7z0kUZRs4iAnrukQT3YapYjtZX.png
12 inch,Human Grade 12-Inch Ball Water Pipe — Upgraded Rounded Base,Smoke / Yellow,$70,assets/medusa/12-inch-ball/pixies-pantry-human-grade-12-inch-ball-water-pipe-smoke-yellow.png,e0Nml67FE4rsSvXxejxPPl8Mwmh28PMLJ3MkQ9Cz.png
12 inch,Human Grade 12-Inch Ball Water Pipe — Upgraded Rounded Base,White / Black,$70,assets/medusa/12-inch-ball/pixies-pantry-human-grade-12-inch-ball-water-pipe-white-black.png,lCnngpZiUlJ5znxKraJmHYtwmuWaBizQ1N9ojVvJ.png
12 inch,Human Grade 12-Inch Ball Water Pipe — Upgraded Rounded Base,White / Pink,$70,assets/medusa/12-inch-ball/pixies-pantry-human-grade-12-inch-ball-water-pipe-white-pink.png,x0hOCfpfpu8X1cOPKK7XBH5Syeer7FbKPvFxLxNv.png
12 inch,Human Grade 12-Inch Ball Water Pipe — Upgraded Rounded Base,Yellow / Smoke,$70,assets/medusa/12-inch-ball/pixies-pantry-human-grade-12-inch-ball-water-pipe-yellow-smoke.png,TMg1AufiBdlI4lQYeAr0r9fOLa3EIdZ2WopZiSdK.png
12 inch,Human Grade 12-Inch Ball Water Pipe — Upgraded Rounded Base,Clear / Pink,$70,assets/medusa/12-inch-ball/pixies-pantry-human-grade-12-inch-ball-water-pipe-clear-pink.png,TqZvI5r6vhimNDr57aYcsDu2UWTy9mssuz3kicv7.png
